date,open,high,close,low,volume,price_change,p_change,ma5,ma10,ma20,v_ma5,v_ma10,v_ma20,turnover
2018-01-09,9.51,9.75,9.61,9.51,193144.38,0.11,1.16,9.572,9.422,9.622,214243.32,216988.41,195735.3,1.68
2018-01-08,9.46,9.5,9.5,9.19,211630.39,0.09,0.96,9.546,9.359,9.673,214148.25,216962.11,193834.48,1.84
2018-01-05,9.62,9.65,9.41,9.38,192849.77,-0.21,-2.18,9.534,9.349,9.729,206760.05,216720.96,192436.93,1.68
2018-01-04,9.73,9.75,9.63,9.54,193574.66,-0.08,-0.82,9.518,9.348,9.791,211340.98,224707.77,195616.85,1.68
2018-01-03,9.48,9.79,9.71,9.44,280017.38,0.24,2.53,9.416,9.35,9.839,224187.23,217216.57,197179.6,2.43
2018-01-02,9.45,9.57,9.48,9.36,192669.05,0.04,0.42,9.272,9.37,9.872,219733.51,197470.37,192590.67,1.67
2017-12-29,9.4,9.54,9.44,9.21,174689.38,0.11,1.18,9.172,9.406,9.915,219775.97,191121.92,192457.13,1.52
2017-12-28,9.19,9.45,9.33,9.13,215754.41,0.21,2.3,9.164,9.464,9.957,226681.88,192350.94,195113.92,1.88
2017-12-27,9.0,9.33,9.12,8.96,257805.94,0.13,1.45,9.178,9.55,10.004,238074.57,193933.7,196237.64,2.24
2017-12-26,8.94,9.0,8.99,8.73,257748.77,0.01,0.11,9.284,9.674,10.072,210245.91,187898.88,190446.09,2.24
2017-12-25,9.39,9.41,8.98,8.96,192881.34,-0.41,-4.37,9.468,9.821,10.156,175207.22,174482.19,182773.88,1.68
2017-12-22,9.41,9.5,9.4,9.19,209218.92,-0.02,-0.21,9.64,9.987,10.24,162467.87,170706.85,181005.63,1.82
2017-12-21,9.64,9.64,9.4,9.13,272717.88,-0.25,-2.59,9.764,10.109,10.31,158020.01,168152.89,178501.94,2.37
2017-12-20,9.92,9.92,9.65,9.62,118662.64,-0.26,-2.62,9.922,10.233,10.379,149792.84,166525.92,174818.38,1.03
2017-12-19,9.8,9.94,9.91,9.78,82555.32,0.06,0.61,10.064,10.328,10.442,165551.85,177142.63,177622.52,0.72
2017-12-18,10.0,10.08,9.84,9.83,129184.57,-0.21,-2.09,10.174,10.374,10.495,173757.16,187710.98,183912.82,1.12
2017-12-15,10.18,10.19,10.02,10.0,186979.66,-0.18,-1.76,10.334,10.423,10.547,178945.83,193792.34,184079.78,1.63
2017-12-14,10.34,10.35,10.19,10.06,231582.0,-0.17,-1.64,10.454,10.449,10.59,178285.77,197876.89,187831.04,2.01
2017-12-13,10.45,10.45,10.36,10.15,197457.72,-0.12,-1.15,10.544,10.458,10.631,183259.01,198541.57,183777.81,1.72
2017-12-12,10.61,10.64,10.46,10.45,123581.84,-0.18,-1.69,10.592,10.47,10.665,188733.4,192993.3,184021.96,1.07
2017-12-11,10.62,10.66,10.64,10.53,155127.95,0.01,0.09,10.574,10.491,10.7,201664.79,191065.58,189921.49,1.35
2017-12-08,10.64,10.74,10.62,10.57,183679.33,-0.01,-0.09,10.512,10.493,10.727,208638.85,191304.42,195528.44,1.6
2017-12-07,10.58,10.74,10.64,10.51,256448.19,0.05,0.47,10.444,10.51,10.766,217468.02,188850.99,199427.58,2.23
2017-12-06,10.35,10.63,10.6,10.26,224829.69,0.22,2.12,10.372,10.524,10.798,213824.14,183110.85,194516.49,1.95
2017-12-05,10.29,10.39,10.37,10.04,188238.8,0.03,0.29,10.348,10.556,10.827,197253.19,178102.41,197430.91,1.64
2017-12-04,10.25,10.37,10.33,10.14,189998.23,0.03,0.29,10.408,10.616,10.86,180466.36,180114.67,200548.77,1.65
2017-12-01,10.27,10.35,10.28,9.99,227825.19,-0.02,-0.19,10.474,10.671,10.889,173969.98,174367.23,213413.77,1.98
2017-11-30,10.5,10.5,10.28,10.15,238228.8,-0.22,-2.1,10.576,10.73,10.935,160233.96,177785.19,212443.9,2.07
2017-11-29,10.68,10.68,10.48,10.44,141974.94,-0.2,-1.87,10.676,10.803,10.996,152397.55,169014.04,213575.55,1.23
2017-11-28,10.62,10.72,10.67,10.54,104304.66,0.01,0.09,10.764,10.86,11.044,158951.64,175050.62,217454.92,0.91
2017-11-27,10.64,10.79,10.66,10.57,157516.33,-0.14,-1.3,10.824,10.909,11.085,179762.97,188777.4,224824.86,1.37
2017-11-24,10.69,10.84,10.79,10.52,159145.09,0.01,0.09,10.868,10.961,11.131,174764.47,199752.46,240171.05,1.38
2017-11-23,10.87,10.9,10.78,10.53,199046.75,-0.13,-1.19,10.884,11.021,11.209,195336.42,210004.16,244373.18,1.73
2017-11-22,10.99,11.03,10.92,10.81,174745.36,-0.05,-0.46,10.93,11.071,11.303,185630.52,205922.12,253966.41,1.52
2017-11-21,10.87,11.04,10.97,10.82,208361.31,0.09,0.83,10.956,11.097,11.386,191149.61,216759.41,260040.76,1.81
2017-11-20,10.75,10.93,10.88,10.57,132523.84,0.02,0.18,10.994,11.104,11.452,197791.83,220982.88,258610.06,1.15
2017-11-17,11.0,11.0,10.87,10.51,262004.84,-0.13,-1.18,11.054,11.107,11.521,224740.45,252460.32,262531.13,2.28
2017-11-16,10.96,11.09,11.01,10.85,150517.25,-0.02,-0.18,11.158,11.14,11.601,224671.9,247102.6,263687.95,1.31
2017-11-15,11.14,11.15,11.05,10.88,202340.8,-0.11,-0.99,11.212,11.188,11.671,226213.73,258137.06,269403.16,1.76
2017-11-14,11.18,11.19,11.16,10.9,241572.44,-0.02,-0.18,11.238,11.227,11.762,242369.2,259859.22,272132.54,2.1
2017-11-13,11.43,11.47,11.18,11.13,267266.94,-0.18,-1.58,11.214,11.261,11.841,244173.93,260872.31,266300.64,2.32
2017-11-10,11.28,11.49,11.39,11.13,261662.06,0.1,0.89,11.16,11.3,11.918,280180.19,280589.64,265297.02,2.27
2017-11-09,11.21,11.34,11.28,11.19,158226.39,0.1,0.89,11.122,11.397,11.994,269533.31,278742.19,264894.05,1.38
2017-11-08,11.01,11.43,11.18,10.95,283118.19,0.14,1.27,11.164,11.535,12.067,290060.39,302010.69,271073.16,2.46
2017-11-07,10.91,11.05,11.04,10.87,250596.06,0.13,1.19,11.216,11.675,12.154,277349.23,303322.12,280105.09,2.18
2017-11-06,11.15,11.25,10.91,10.67,447298.25,-0.29,-2.59,11.308,11.799,12.268,277570.69,296237.24,282868.51,3.89
2017-11-03,11.49,11.56,11.2,11.12,208427.66,-0.29,-2.52,11.44,11.935,12.386,280999.08,272601.93,288451.15,1.81
2017-11-02,11.4,11.69,11.49,11.2,260861.81,0.05,0.44,11.672,12.061,12.505,287951.07,280273.3,311781.68,2.27
2017-11-01,11.49,11.65,11.44,11.4,219562.36,-0.06,-0.52,11.906,12.154,12.586,313960.98,280669.25,349810.8,1.91
2017-10-31,11.38,11.69,11.5,11.37,251703.39,-0.07,-0.6,12.134,12.297,12.708,329295.01,284405.86,365071.93,2.19
2017-10-30,12.32,12.32,11.57,11.51,464440.19,-0.79,-6.39,12.29,12.421,12.844,314903.79,271728.97,385838.22,4.04
2017-10-27,12.62,12.72,12.36,12.32,243187.62,-0.3,-2.37,12.43,12.536,12.996,264204.77,250004.41,392142.16,2.11
2017-10-26,12.45,12.83,12.66,12.38,390911.34,0.08,0.64,12.45,12.59,13.112,272595.53,251045.92,461862.1,3.4
2017-10-25,12.3,12.62,12.58,12.28,296232.53,0.3,2.44,12.402,12.598,13.214,247377.53,240135.62,491505.52,2.58
2017-10-24,12.28,12.4,12.28,12.16,179747.27,0.01,0.08,12.46,12.632,13.273,239516.7,256888.06,490266.61,1.56
2017-10-23,12.37,12.45,12.27,12.22,210945.11,-0.19,-1.52,12.552,12.737,13.344,228554.16,269499.77,512736.48,1.83
2017-10-20,12.38,12.53,12.46,12.13,285141.41,0.04,0.32,12.642,12.836,13.441,235804.04,304300.37,535369.33,2.48
2017-10-19,12.84,12.94,12.42,12.4,264821.31,-0.45,-3.5,12.73,12.949,13.509,229496.3,343290.06,556018.14,2.3
2017-10-18,12.79,13.05,12.87,12.76,256928.39,0.13,1.02,12.794,13.018,13.593,232893.72,418952.34,565833.09,2.23
2017-10-17,12.69,12.83,12.74,12.66,124934.56,0.02,0.16,12.804,13.118,13.678,274259.42,445738.0,577082.51,1.09
2017-10-16,12.85,13.04,12.72,12.66,247194.52,-0.18,-1.4,12.922,13.266,13.754,310445.38,499947.47,586197.12,2.15
2017-10-13,12.73,12.93,12.9,12.72,253602.73,0.16,1.26,13.03,13.456,13.818,372796.7,534279.91,584312.05,2.2
2017-10-12,12.96,13.03,12.74,12.62,281808.41,-0.18,-1.39,13.168,13.633,13.874,457083.81,672678.29,584291.58,2.45
2017-10-11,13.33,13.35,12.92,12.88,463756.88,-0.41,-3.08,13.242,13.829,13.949,605010.96,742875.42,588698.81,4.03
2017-10-10,13.26,13.47,13.33,13.15,305864.38,0.07,0.53,13.432,13.914,13.996,617216.59,723645.16,576956.06,2.66
2017-10-09,13.69,13.69,13.26,13.16,558951.12,-0.33,-2.43,13.61,13.95,14.015,689449.55,755973.18,570695.37,4.86
2017-09-29,13.02,13.67,13.59,12.9,675038.25,0.48,3.66,13.882,14.046,14.047,695763.11,766438.28,557079.32,5.87
2017-09-28,14.0,14.25,13.11,12.98,1021444.19,-0.76,-5.48,14.098,14.068,14.074,888272.76,768746.22,547104.52,8.88
2017-09-15,14.25,14.25,13.87,13.68,524785.0,-0.35,-2.46,14.416,14.168,14.101,880739.88,712713.84,509100.49,4.56
2017-09-14,14.71,14.9,14.22,14.1,667029.19,-0.4,-2.74,14.396,14.237,14.086,830073.74,708427.01,495024.66,5.8
2017-09-13,14.5,14.84,14.62,14.35,590518.94,-0.05,-0.34,14.29,14.241,14.063,822496.81,672446.78,487667.76,5.13
2017-09-12,14.99,15.76,14.67,14.38,1637586.5,-0.03,-0.2,14.21,14.179,14.034,837113.45,634344.19,468630.32,14.24
2017-09-11,13.92,14.94,14.7,13.91,983779.75,0.93,6.75,14.038,14.114,14.013,649219.67,495904.88,404222.61,8.55
2017-09-08,13.66,13.85,13.77,13.63,271454.31,0.08,0.58,13.92,14.069,13.984,544687.8,434522.2,372340.03,2.36
2017-09-07,14.17,14.25,13.69,13.6,629144.56,-0.53,-3.73,14.078,14.078,13.969,586780.29,430266.96,381484.08,5.47
2017-09-06,13.68,14.39,14.22,13.57,663602.12,0.41,2.97,14.192,14.079,13.999,522396.75,385417.57,368030.1,5.77
2017-09-05,14.08,14.19,13.81,13.61,698117.62,-0.3,-2.13,14.148,14.048,14.024,431574.93,347720.35,347420.54,6.07
2017-09-04,14.51,14.55,14.11,13.97,461120.41,-0.45,-3.09,14.19,14.08,14.054,342590.08,325462.83,330762.78,4.01
2017-09-01,14.35,14.6,14.56,14.18,481916.72,0.3,2.1,14.218,14.034,14.095,324356.6,305487.15,321113.57,4.19
2017-08-31,13.97,14.36,14.26,13.92,307226.88,0.26,1.86,14.078,13.935,14.093,273753.63,281622.31,316554.17,2.67
2017-08-30,14.0,14.2,14.0,13.86,209493.02,-0.02,-0.14,13.966,13.885,14.134,248438.39,302888.75,315411.72,1.82
2017-08-29,14.19,14.38,14.02,13.91,253193.36,-0.23,-1.61,13.948,13.888,14.19,263865.77,302916.45,331397.96,2.2
2017-08-28,13.95,14.38,14.25,13.88,369953.0,0.39,2.81,13.97,13.912,14.266,308335.58,312540.34,344672.36,3.22
2017-08-25,13.66,14.05,13.86,13.61,228901.89,0.16,1.17,13.85,13.898,14.347,286617.7,310157.85,359021.94,1.99
2017-08-24,13.83,13.86,13.7,13.57,180650.66,-0.21,-1.51,13.792,13.86,14.424,289491.0,332701.21,381916.13,1.57
2017-08-23,14.13,14.17,13.91,13.72,286629.94,-0.22,-1.56,13.804,13.919,14.479,357339.1,350642.62,399813.03,2.49
2017-08-22,13.65,14.27,14.13,13.58,475542.41,0.48,3.52,13.828,14.0,14.532,341967.13,347120.74,411255.95,4.13
2017-08-21,13.55,13.75,13.65,13.44,261363.62,0.08,0.59,13.854,14.028,14.594,316745.11,336062.74,412209.77,2.27
2017-08-18,13.65,13.71,13.57,13.45,243268.36,-0.19,-1.38,13.946,14.156,14.698,333698.0,336739.98,431101.57,2.11
2017-08-17,14.13,14.21,13.76,13.56,519891.19,-0.27,-1.92,13.928,14.25,14.828,375911.42,351486.04,443428.86,4.52
2017-08-16,14.24,14.24,14.03,13.83,209770.05,-0.23,-1.61,14.034,14.382,14.931,343946.14,327934.69,457730.06,1.82
2017-08-15,14.18,14.45,14.26,14.06,349432.31,0.15,1.06,14.172,14.491,15.011,352274.35,359879.48,478538.77,3.04
2017-08-14,13.56,14.15,14.11,13.51,346128.09,0.63,4.67,14.202,14.619,15.044,355380.37,376804.37,487333.94,3.01
2017-08-11,14.1,14.4,13.48,13.31,454335.44,-0.81,-5.67,14.366,14.796,15.072,339781.97,407886.03,496806.87,3.95
2017-08-10,14.64,14.64,14.29,14.15,360064.81,-0.43,-2.92,14.572,14.987,15.165,327060.65,431131.06,499011.99,3.13
2017-08-09,14.56,14.75,14.72,14.3,251411.11,0.31,2.15,14.73,15.039,15.196,311923.25,448983.43,510250.52,2.19
2017-08-08,14.99,15.05,14.41,14.36,364962.38,-0.52,-3.48,14.81,15.063,15.232,367484.6,475391.16,516780.24,3.17
2017-08-07,14.47,15.02,14.93,14.35,268136.09,0.42,2.9,15.036,15.16,15.258,398228.37,488356.8,520935.26,2.33
2017-08-04,15.14,15.15,14.51,14.5,390728.88,-0.57,-3.78,15.226,15.24,15.294,475990.09,525463.16,534058.55,3.4
2017-08-03,15.0,15.34,15.08,14.95,284377.78,-0.04,-0.27,15.402,15.405,15.348,535201.46,535371.69,538238.29,2.47
2017-08-02,15.59,15.77,15.12,15.0,529217.88,-0.42,-2.7,15.348,15.48,15.364,586043.62,587525.42,571276.13,4.6
2017-08-01,16.02,16.12,15.54,15.45,518681.22,-0.34,-2.14,15.316,15.53,15.35,583297.72,597198.05,573320.46,4.51
2017-07-31,15.6,16.0,15.88,15.06,656944.69,0.49,3.18,15.284,15.469,15.287,578485.22,597863.51,577864.81,5.71
2017-07-28,15.05,15.5,15.39,14.92,686785.75,0.58,3.92,15.254,15.347,15.204,574936.23,585727.71,565094.9,5.97
2017-07-27,14.91,15.05,14.81,14.3,538588.56,-0.15,-1.0,15.408,15.343,15.139,535541.91,566892.93,546547.4,4.68
2017-07-26,15.31,15.47,14.96,14.78,515488.38,-0.42,-2.73,15.612,15.353,15.081,589007.21,571517.61,529000.59,4.48
2017-07-25,15.54,15.83,15.38,15.04,494618.72,-0.35,-2.23,15.744,15.4,15.014,611098.39,558169.33,515627.13,4.3
2017-07-24,16.16,16.6,15.73,15.52,639199.75,-0.43,-2.66,15.654,15.355,14.937,617241.81,553513.72,514389.14,5.56
2017-07-21,15.83,16.18,16.16,15.65,489814.16,0.33,2.08,15.44,15.348,14.842,596519.19,542653.93,500710.01,4.26
2017-07-20,15.62,16.3,15.83,15.5,805915.06,0.21,1.34,15.278,15.29,14.698,598243.94,541104.88,490246.31,7.01
2017-07-19,14.83,15.67,15.62,14.77,625944.25,0.69,4.62,15.094,15.247,14.572,554028.0,555026.84,461219.06,5.44
2017-07-18,14.85,15.0,14.93,14.23,525335.81,0.27,1.84,15.056,15.169,14.479,505240.26,549442.87,439693.73,4.57
2017-07-17,15.4,15.53,14.66,14.55,535586.69,-0.69,-4.5,15.056,15.104,14.428,489785.63,557866.1,437197.99,4.66
2017-07-14,14.88,15.51,15.35,14.78,498437.88,0.44,2.95,15.256,15.061,14.365,488788.66,544462.08,418643.05,4.33
2017-07-13,15.49,15.65,14.91,14.7,584835.38,-0.52,-3.37,15.302,14.935,14.264,483965.83,526201.87,402711.81,5.08
2017-07-12,15.12,15.49,15.43,14.9,382005.56,0.5,3.35,15.4,14.808,14.184,556025.67,486483.57,384863.46,3.32
2017-07-11,15.57,15.78,14.93,14.89,448062.62,-0.73,-4.66,15.282,14.627,14.076,593645.47,473084.93,386724.81,3.9
2017-07-10,15.68,16.36,15.66,15.52,530601.88,0.08,0.51,15.152,14.519,13.989,625946.57,475264.57,395041.88,4.61
2017-07-07,15.31,15.86,15.58,15.26,474323.69,0.18,1.17,14.866,14.336,13.834,600135.5,458766.09,383670.63,4.12
2017-07-06,14.87,15.76,15.4,14.7,945134.62,0.56,3.77,14.568,14.106,13.668,568437.91,439387.73,367662.09,8.22
2017-07-05,14.13,14.88,14.84,14.1,570104.56,0.56,3.92,14.216,13.896,13.516,416941.47,367411.29,332344.16,4.96
2017-07-04,14.5,14.78,14.28,14.05,609568.12,0.05,0.35,13.972,13.788,13.384,352524.38,329944.58,317469.23,5.3
2017-07-03,14.1,14.28,14.23,13.88,401546.53,0.14,0.99,13.886,13.751,13.265,324582.56,316529.88,300315.88,3.49
2017-06-30,13.6,14.15,14.09,13.45,315835.72,0.45,3.3,13.806,13.668,13.157,317396.67,292824.02,288460.32,2.75
2017-06-29,13.7,13.96,13.64,13.59,187652.41,0.02,0.15,13.644,13.592,13.048,310337.56,279221.74,282683.83,1.63
2017-06-28,13.79,14.01,13.62,13.5,248019.12,-0.23,-1.66,13.576,13.559,12.962,317881.11,283243.36,298104.05,2.16
2017-06-27,13.92,14.4,13.85,13.8,469859.03,0.02,0.14,13.604,13.524,12.91,307364.78,300364.69,292160.48,4.08
2017-06-26,13.07,13.87,13.83,13.07,365617.06,0.55,4.14,13.616,13.459,12.849,308477.2,314819.2,278925.58,3.18
2017-06-23,13.38,13.57,13.28,12.91,280540.16,-0.02,-0.15,13.53,13.332,12.801,268251.37,308575.17,273198.45,2.44
2017-06-22,13.89,14.01,13.3,13.26,225370.17,-0.46,-3.34,13.54,13.23,12.785,248105.93,295936.44,269096.18,1.96
2017-06-21,13.92,13.92,13.76,13.58,195437.5,-0.15,-1.08,13.542,13.135,12.762,248605.61,297277.03,276658.98,1.7
2017-06-20,13.51,14.07,13.91,13.51,475421.09,0.51,3.81,13.444,12.98,12.75,293364.59,304993.87,275237.75,4.13
2017-06-19,13.33,13.6,13.4,13.27,164487.94,0.07,0.53,13.302,12.778,12.727,321161.19,284101.88,268442.21,1.43
2017-06-16,13.23,13.52,13.33,13.18,179812.94,0.02,0.15,13.134,12.645,12.749,348898.97,284096.63,271252.84,1.56
2017-06-15,13.22,13.52,13.31,13.17,227868.56,0.04,0.3,12.92,12.503,12.781,343766.95,286145.91,273115.14,1.98
2017-06-14,13.37,13.76,13.27,13.23,419232.41,0.07,0.53,12.728,12.365,12.821,345948.45,312964.74,283261.0,3.64
2017-06-13,12.6,13.46,13.2,12.57,614404.12,0.64,5.1,12.516,12.295,12.827,316623.15,283956.27,270685.2,5.34
2017-06-12,12.2,12.8,12.56,11.91,303176.84,0.3,2.45,12.254,12.238,12.841,247042.57,243031.96,258973.1,2.64
2017-06-09,12.39,12.5,12.26,12.09,154152.81,-0.09,-0.73,12.156,12.269,12.903,219294.28,237821.72,266302.26,1.34
2017-06-08,12.27,12.65,12.35,12.27,238776.06,0.14,1.15,12.086,12.34,12.997,228524.87,242255.91,286731.41,2.08
2017-06-07,11.8,12.33,12.21,11.76,272605.94,0.32,2.69,12.002,12.388,13.086,279981.04,256040.94,302625.71,2.37
2017-06-06,11.98,12.1,11.89,11.62,266501.22,-0.18,-1.49,12.074,12.52,13.123,251289.39,245481.63,302482.63,2.32
2017-06-05,12.02,12.18,12.07,11.88,164435.38,0.16,1.34,12.222,12.676,13.212,239021.34,252782.53,304888.15,1.43
2017-06-02,11.83,11.99,11.91,11.48,200305.77,-0.02,-0.17,12.382,12.853,13.309,256349.15,258409.05,316494.46,1.74
2017-06-01,12.7,12.89,11.93,11.39,496056.88,-0.64,-5.09,12.594,13.059,13.395,255986.95,260084.36,318338.42,4.31
2017-05-31,12.78,12.95,12.57,12.5,129147.69,-0.06,-0.47,12.774,13.277,13.481,232100.84,253557.26,313469.45,1.12
2017-05-26,12.94,12.96,12.63,12.41,205160.98,-0.24,-1.86,12.966,13.359,13.52,239673.87,257414.13,318448.99,1.78
2017-05-25,12.8,13.0,12.87,12.34,251074.44,-0.1,-0.77,13.13,13.444,13.552,266543.72,274914.24,324023.99,2.18
2017-05-24,12.8,13.1,12.97,12.63,198494.77,0.14,1.09,13.324,13.537,13.547,260468.95,294782.79,323610.92,1.73
2017-05-23,13.43,13.7,12.83,12.45,376626.31,-0.7,-5.17,13.524,13.653,13.53,264181.77,331206.9,334569.67,3.27
2017-05-22,13.4,13.62,13.53,13.27,167012.86,0.08,0.59,13.78,13.784,13.516,275013.69,349210.48,333712.95,1.45
2017-05-19,13.82,14.04,13.45,13.3,339510.22,-0.39,-2.82,13.752,13.725,13.529,275154.39,359483.63,341986.93,2.95
2017-05-18,13.81,14.08,13.84,13.7,220700.61,-0.13,-0.93,13.758,13.747,13.527,283284.77,356993.77,341794.86,1.92
2017-05-17,14.15,14.16,13.97,13.88,217058.84,-0.14,-0.99,13.75,13.765,13.494,329096.63,374579.87,359134.91,1.89
2017-05-16,13.39,14.2,14.11,13.31,430785.91,0.72,5.38,13.782,13.731,13.48,398232.04,376592.48,359009.99,3.74
2017-05-15,13.5,13.65,13.39,13.29,167716.39,-0.09,-0.67,13.788,13.684,13.459,423407.27,373381.65,353009.88,1.46
2017-05-12,13.88,13.96,13.48,13.13,380162.09,-0.32,-2.32,13.698,13.681,13.497,443812.86,379483.84,356741.52,3.3
2017-05-11,14.19,14.2,13.8,13.16,449759.94,-0.33,-2.33,13.736,13.66,13.557,430702.76,373133.74,352736.93,3.91
2017-05-10,14.12,14.5,14.13,13.7,562735.88,-0.01,-0.07,13.78,13.556,13.592,420063.11,352439.04,346521.78,4.89
2017-05-09,12.81,14.23,14.14,12.81,556662.06,1.2,9.27,13.68,13.406,13.602,354952.93,337932.44,339292.4,4.84
2017-05-08,13.49,13.86,12.94,12.9,269744.31,-0.73,-5.34,13.58,13.247,13.618,323356.02,318215.43,334570.56,2.34
2017-05-05,13.85,14.09,13.67,13.61,314611.62,-0.35,-2.5,13.664,13.332,13.689,315154.83,324490.24,341169.03,2.74
2017-05-04,13.63,14.2,14.02,13.4,396561.69,0.39,2.86,13.584,13.307,13.743,315564.73,326595.95,347661.11,3.45
2017-05-03,13.73,13.89,13.63,13.45,237184.95,-0.01,-0.07,13.332,13.222,13.772,284814.96,343689.94,360359.41,2.06
2017-05-02,13.33,14.05,13.64,13.03,398677.53,0.28,2.1,13.132,13.229,13.764,320911.95,341427.5,371905.04,3.47
2017-04-28,13.3,13.68,13.36,13.21,228738.34,0.09,0.68,12.914,13.233,13.723,313074.83,332638.11,369202.1,1.99
2017-04-27,13.0,13.37,13.27,12.75,316661.12,0.51,4.0,13.0,13.313,13.714,333825.65,333999.19,374760.17,2.75
2017-04-26,12.42,13.11,12.76,12.39,242812.88,0.13,1.03,13.03,13.453,13.694,337627.18,332340.11,370976.74,2.11
2017-04-25,12.4,12.75,12.63,11.75,417669.88,0.08,0.64,13.112,13.628,13.706,402564.91,340604.52,370666.53,3.63
2017-04-24,13.5,13.69,12.55,12.41,359491.94,-1.24,-8.99,13.326,13.798,13.729,361943.05,340652.36,363995.87,3.13
2017-04-21,13.5,14.2,13.79,13.42,332492.44,0.37,2.76,13.552,13.989,13.767,352201.38,350925.7,364449.28,2.89
2017-04-20,13.0,13.55,13.42,12.76,335668.75,0.25,1.9,13.626,14.046,13.74,334172.73,357847.83,375224.22,2.92
2017-04-19,13.6,13.6,13.17,12.54,567501.56,-0.53,-3.87,13.876,14.179,13.712,327053.03,368726.27,375445.82,4.93
2017-04-18,13.68,13.89,13.7,13.58,214560.55,0.02,0.15,14.144,14.321,13.683,278644.12,377028.87,369001.67,1.87
2017-04-17,14.18,14.18,13.68,13.43,310783.62,-0.48,-3.39,14.27,14.298,13.644,319361.67,402382.58,374156.01,2.7
2017-04-14,14.54,14.72,14.16,14.08,242349.16,-0.51,-3.48,14.426,14.213,13.622,349650.01,405766.09,390032.61,2.11
2017-04-13,14.6,14.86,14.67,14.31,300070.28,0.16,1.1,14.466,14.114,13.559,381522.92,415521.14,395927.24,2.61
2017-04-12,14.2,14.64,14.51,13.96,325456.97,0.18,1.26,14.482,13.935,13.466,410399.5,409613.36,400758.15,2.83
2017-04-11,14.32,14.54,14.33,13.91,418148.34,-0.13,-0.9,14.498,13.783,13.391,475413.63,400728.54,409620.75,3.64
2017-04-10,14.36,14.83,14.46,14.34,462225.28,0.1,0.7,14.326,13.66,13.317,485403.48,387339.39,419674.48,4.02
2017-04-07,14.9,14.97,14.36,14.23,401713.75,-0.39,-2.64,14.0,13.544,13.224,461882.17,377972.87,421552.4,3.49
2017-04-06,14.61,14.99,14.75,14.47,444453.16,0.16,1.1,13.762,13.433,13.12,449519.36,392600.61,423141.11,3.86
2017-04-05,13.7,14.75,14.59,13.7,650527.62,1.12,8.31,13.388,13.244,12.991,408827.23,382165.38,427070.9,5.66
2017-03-31,12.6,13.53,13.47,12.53,468097.59,0.64,4.99,13.068,13.045,12.899,326043.44,360974.47,425335.58,4.07
2017-03-30,13.23,13.42,12.83,12.8,344618.72,-0.34,-2.58,12.994,12.989,12.852,289275.29,345929.45,433385.54,3.0
2017-03-29,12.89,13.27,13.17,12.8,339899.69,0.29,2.25,13.088,13.03,12.814,294063.57,374299.13,438784.74,2.95
2017-03-28,12.94,13.13,12.88,12.64,240992.53,-0.11,-0.85,13.104,13.003,12.761,335681.85,376333.34,454834.63,2.1
2017-03-27,13.09,13.28,12.99,12.78,236608.69,-0.11,-0.84,13.1,12.997,12.723,355503.52,391902.94,476370.41,2.06
2017-03-24,13.25,13.4,13.1,13.03,284256.84,-0.2,-1.5,13.022,12.999,12.647,395905.5,418512.97,487045.4,2.47
2017-03-23,13.25,13.56,13.3,13.02,368560.09,0.05,0.38,12.984,12.974,12.564,402583.6,452009.57,508710.93,3.2
2017-03-22,12.77,13.37,13.25,12.57,547991.12,0.39,3.03,12.972,12.903,12.47,454534.69,465131.92,529605.22,4.76
2017-03-21,12.6,12.9,12.86,12.41,340100.88,0.26,2.06,12.902,12.806,12.353,416984.83,453681.62,516763.97,2.96
2017-03-20,12.91,12.98,12.6,12.33,438618.59,-0.31,-2.4,12.894,12.737,12.258,428302.35,471976.42,511507.51,3.81
2017-03-17,13.19,13.41,12.91,12.83,317647.34,-0.33,-2.49,12.976,12.752,12.164,441120.44,489696.68,497029.31,2.76
2017-03-16,13.0,13.42,13.24,12.9,628315.5,0.34,2.64,12.964,12.714,12.054,501435.53,520841.63,494293.75,5.46
2017-03-15,12.78,12.96,12.9,12.56,360241.84,0.08,0.62,12.834,12.597,11.947,475729.16,503270.34,483193.37,3.13
2017-03-14,13.1,13.17,12.82,12.69,396688.47,-0.19,-1.46,12.71,12.518,11.847,490378.4,533335.91,486225.64,3.45
2017-03-13,12.85,13.09,13.01,12.72,502709.03,0.16,1.25,12.58,12.448,11.738,515650.49,560837.88,475095.9,4.37
2017-03-10,12.49,13.2,12.85,12.49,619222.81,0.26,2.06,12.528,12.295,11.627,538272.92,555577.83,461453.93,5.38
2017-03-09,12.2,12.72,12.59,12.02,499783.66,0.31,2.52,12.464,12.154,11.513,540247.73,565412.3,441375.49,4.34
2017-03-08,12.23,12.39,12.28,11.96,433488.03,0.11,0.9,12.36,12.036,11.418,530811.53,594078.52,427020.88,3.77
2017-03-07,12.72,12.88,12.17,12.14,523048.91,-0.58,-4.55,12.326,11.9,11.343,576293.42,579846.33,416818.2,4.55
2017-03-06,12.5,13.12,12.75,12.5,615821.19,0.22,1.76,12.316,11.778,11.271,606025.28,551038.6,415583.15,5.35
2017-03-03,12.11,12.62,12.53,12.05,629096.88,0.46,3.81,12.062,11.576,11.154,572882.73,504361.94,399848.35,5.47
2017-03-02,12.17,12.3,12.07,11.94,452602.62,-0.04,-0.33,11.844,11.394,11.018,590576.86,467745.87,374244.1,3.93
2017-03-01,12.1,12.39,12.11,12.0,660897.5,-0.01,-0.08,11.712,11.296,10.909,657345.51,463116.4,365214.84,5.75
2017-02-28,11.4,12.3,12.12,11.4,671708.19,0.64,5.58,11.474,11.175,10.802,583399.23,439115.36,366031.65,5.84
2017-02-27,11.36,11.83,11.48,11.3,450108.47,0.04,0.35,11.24,11.028,10.708,496051.93,389353.92,342894.09,3.91
2017-02-24,11.41,11.9,11.44,11.32,717567.5,0.03,0.26,11.09,10.959,10.652,435841.14,367330.03,329115.95,6.24
2017-02-23,10.9,11.55,11.41,10.87,786445.88,0.49,4.49,10.944,10.872,10.594,344914.88,317338.68,299859.49,6.84
2017-02-22,10.88,11.0,10.92,10.7,291166.12,-0.03,-0.27,10.88,10.799,10.537,268887.28,259963.24,280037.17,2.53
2017-02-21,10.7,10.99,10.95,10.69,234971.66,0.22,2.05,10.876,10.786,10.522,294831.5,253790.08,273410.65,2.04
2017-02-20,10.71,10.78,10.73,10.6,149054.53,0.02,0.19,10.816,10.764,10.504,282655.91,280127.69,270563.26,1.3
2017-02-17,11.0,11.16,10.71,10.69,262936.19,-0.38,-3.43,10.828,10.731,10.496,298818.92,295334.76,278179.07,2.29
2017-02-16,10.89,11.16,11.09,10.83,406307.91,0.19,1.74,10.8,10.642,10.499,289762.48,280742.34,274677.72,3.53
2017-02-15,10.61,11.07,10.9,10.46,420887.19,0.25,2.35,10.718,10.522,10.488,251039.21,267313.28,265008.21,3.66
2017-02-14,10.78,10.8,10.65,10.53,174093.75,-0.14,-1.3,10.696,10.429,10.504,212748.67,292947.95,259017.05,1.51
2017-02-13,10.52,10.8,10.79,10.5,229869.56,0.22,2.08,10.712,10.388,10.546,277599.47,296434.27,264974.64,2.0
2017-02-10,10.69,10.85,10.57,10.5,217653.97,-0.11,-1.03,10.634,10.344,10.566,291850.6,290901.87,265034.5,1.89
2017-02-09,10.79,10.86,10.68,10.61,212691.56,-0.11,-1.02,10.484,10.316,10.595,271722.21,282380.31,269753.54,1.85
2017-02-08,10.7,10.87,10.79,10.65,229434.52,0.06,0.56,10.326,10.274,10.632,283587.36,300111.1,288448.03,1.99
2017-02-07,10.55,11.08,10.73,10.53,498347.75,0.33,3.17,10.162,10.257,10.673,373147.22,293031.22,319478.85,4.33
2017-02-06,9.84,10.41,10.4,9.82,301125.22,0.58,5.91,10.064,10.244,10.68,315269.06,260998.83,305559.76,2.62
2017-02-03,9.89,9.95,9.82,9.77,117012.0,-0.07,-0.71,10.054,10.26,10.693,289953.14,261023.37,298628.41,1.02
2017-01-26,9.81,9.99,9.89,9.69,272017.31,-0.08,-0.8,10.148,10.355,10.732,293038.4,268613.09,307133.1,2.36
2017-01-25,10.1,10.13,9.97,9.6,677233.81,-0.27,-2.64,10.222,10.454,10.783,316634.84,262703.13,307355.85,5.89
2017-01-24,10.3,10.44,10.24,10.09,208956.98,-0.11,-1.06,10.352,10.578,10.821,212915.22,225086.16,282991.06,1.82
2017-01-23,10.3,10.55,10.35,10.28,174545.61,0.06,0.58,10.424,10.703,10.854,206728.6,233515.01,285867.18,1.52
2017-01-20,10.25,10.41,10.29,10.15,132438.3,0.03,0.29,10.466,10.788,10.889,232093.6,239167.13,293724.1,1.15
2017-01-19,10.5,10.56,10.26,10.12,389999.5,-0.36,-3.39,10.562,10.873,10.932,244187.78,257126.77,309090.06,3.39
2017-01-18,10.6,10.84,10.62,10.5,158635.73,0.02,0.19,10.686,10.989,10.955,208771.43,276784.96,307889.32,1.38
2017-01-17,10.42,10.64,10.6,10.24,178023.86,0.04,0.38,10.804,11.088,10.968,237257.09,345926.47,312823.26,1.55
2017-01-16,10.72,10.93,10.56,10.01,301370.59,-0.21,-1.95,10.982,11.116,10.977,260301.42,350120.69,325124.14,2.62
2017-01-13,10.8,11.06,10.77,10.66,192909.23,-0.11,-1.01,11.11,11.126,10.967,246240.67,336233.45,317990.83,1.68
2017-01-12,11.16,11.28,10.88,10.85,212917.73,-0.33,-2.94,11.184,11.109,10.937,270065.76,345653.11,319616.72,1.85
2017-01-11,11.45,11.61,11.21,11.1,301064.03,-0.28,-2.44,11.292,11.112,10.896,344798.5,352008.56,320840.95,2.62
2017-01-10,11.26,11.56,11.49,11.03,293245.5,0.29,2.59,11.372,11.064,10.855,454595.86,340895.97,318226.34,2.55
2017-01-09,11.06,11.44,11.2,11.06,231066.84,0.06,0.54,11.25,11.005,10.79,439939.97,338219.36,330716.54,2.01
2017-01-06,11.49,11.61,11.14,11.1,312034.69,-0.28,-2.45,11.142,10.99,10.788,426226.24,348281.06,340174.67,2.71
2017-01-05,11.5,11.94,11.42,11.38,586581.44,-0.19,-1.64,11.034,10.99,10.795,421240.47,361053.35,369447.84,5.1
2017-01-04,11.04,11.95,11.61,10.86,850050.81,0.73,6.71,10.932,10.921,10.757,359218.62,338993.67,365467.88,7.39
2017-01-03,10.67,10.97,10.88,10.66,219966.05,0.22,2.06,10.756,10.848,10.69,227196.08,279720.06,333932.22,1.91
2016-12-30,10.61,10.72,10.66,10.49,162498.2,0.06,0.57,10.76,10.838,10.649,236498.75,300127.59,336128.25,1.41
2016-12-29,10.92,10.98,10.6,10.5,287105.84,-0.31,-2.84,10.838,10.807,10.619,270335.89,299748.2,338776.12,2.5
2016-12-28,10.7,11.04,10.91,10.58,276472.22,0.18,1.68,10.946,10.764,10.598,300866.23,293580.32,335580.09,2.4
2016-12-27,10.9,11.03,10.73,10.7,189938.09,-0.17,-1.56,10.91,10.679,10.558,318768.72,289673.33,348480.33,1.65
2016-12-26,11.01,11.22,10.9,10.75,266479.41,-0.15,-1.36,10.94,10.646,10.551,332244.03,295556.72,353385.16,2.32
2016-12-23,11.1,11.34,11.05,11.0,331683.88,-0.09,-0.81,10.916,10.575,10.553,363756.42,323213.73,357860.66,2.88
2016-12-22,10.72,11.2,11.14,10.56,439757.56,0.41,3.82,10.776,10.585,10.538,329160.51,332068.28,358872.46,3.82
2016-12-21,10.94,11.19,10.73,10.72,365984.66,-0.15,-1.38,10.582,10.599,10.529,286294.41,377842.33,358658.55,3.18
2016-12-20,10.75,10.95,10.88,10.62,257314.66,0.1,0.93,10.448,10.592,10.554,260577.95,391942.08,356530.85,2.24
2016-12-19,10.33,10.89,10.78,10.33,424041.34,0.43,4.16,10.352,10.531,10.578,258869.4,388144.38,359900.37,3.69
2016-12-16,10.15,10.37,10.35,10.07,158704.34,0.18,1.77,10.234,10.459,10.613,282671.04,372128.92,352002.66,1.38
2016-12-15,10.08,10.36,10.17,10.06,225427.05,0.11,1.09,10.394,10.43,10.679,334976.04,377804.04,360813.9,1.96
2016-12-14,10.36,10.45,10.06,10.05,237402.34,-0.34,-3.27,10.616,10.431,10.76,469390.25,377579.85,369215.99,2.06
2016-12-13,10.18,10.45,10.4,10.09,248771.95,0.21,2.06,10.736,10.437,10.841,523306.21,407287.33,380496.56,2.16
2016-12-12,11.02,11.16,10.19,10.15,543049.5,-0.96,-8.61,10.71,10.456,10.885,517419.35,411213.6,381619.96,4.72
2016-12-09,11.45,11.45,11.15,11.0,420229.38,-0.13,-1.15,10.684,10.53,10.948,461586.81,392507.59,372911.25,3.65
2016-12-08,10.95,11.55,11.28,10.93,897498.06,0.62,5.82,10.466,10.49,10.982,420632.04,385676.65,379488.07,7.8
2016-12-07,10.4,10.7,10.66,10.31,506982.16,0.38,3.7,10.246,10.458,11.01,285769.46,339474.77,374813.85,4.41
2016-12-06,10.1,10.35,10.27,10.1,219337.67,0.22,2.19,10.138,10.515,11.037,291268.44,321119.62,373124.99,1.91
2016-12-05,9.96,10.37,10.06,9.96,263886.78,0.0,0.0,10.202,10.625,11.105,305007.85,331656.36,386801.46,2.29
2016-12-02,10.19,10.34,10.06,10.04,215455.52,-0.13,-1.28,10.376,10.767,11.174,323428.38,331876.39,394828.56,1.87
2016-12-01,10.18,10.29,10.18,10.03,223185.17,0.07,0.69,10.514,10.927,11.241,350721.26,343823.75,416649.16,1.94
2016-11-30,10.5,10.52,10.12,9.98,534477.06,-0.48,-4.53,10.67,11.088,11.317,393180.07,360852.13,427155.9,4.65
2016-11-29,10.99,10.99,10.59,10.5,288034.72,-0.37,-3.38,10.892,11.245,11.399,350970.8,353705.8,420932.17,2.5
2016-11-28,10.78,11.13,10.93,10.6,355989.41,0.18,1.67,11.048,11.314,11.47,358304.88,352026.33,450375.87,3.09
2016-11-25,10.89,10.89,10.75,10.52,351919.94,-0.22,-2.0,11.158,11.366,11.544,340324.41,353314.91,451384.14,3.06
2016-11-24,11.2,11.2,10.96,10.9,435479.22,-0.27,-2.4,11.34,11.474,11.629,336926.24,373299.49,460731.86,3.79
2016-11-23,11.46,11.56,11.23,11.17,323430.72,-0.14,-1.23,11.506,11.562,11.692,328524.19,410152.93,468065.87,2.81
2016-11-22,11.47,11.54,11.37,11.22,324705.09,-0.11,-0.96,11.598,11.559,11.728,356440.8,425130.35,489106.7,2.82
2016-11-21,11.51,11.69,11.48,11.35,266087.06,-0.18,-1.54,11.58,11.584,11.793,345747.77,441946.56,504119.76,2.31
2016-11-18,11.9,12.05,11.66,11.58,334929.12,-0.14,-1.19,11.574,11.581,11.86,366305.42,457780.73,522641.43,2.91
2016-11-17,11.71,12.02,11.79,11.46,393468.94,0.1,0.85,11.608,11.555,11.931,409672.74,489474.58,533402.61,3.42
2016-11-16,11.31,11.98,11.69,11.27,463013.78,0.4,3.54,11.618,11.546,11.987,491781.68,493459.67,535617.22,4.03
2016-11-15,11.4,11.48,11.28,11.15,271239.97,-0.19,-1.66,11.52,11.553,12.052,493819.9,488158.54,547839.44,2.36
2016-11-14,11.71,11.8,11.45,11.38,368875.28,-0.4,-3.38,11.588,11.626,12.149,538145.34,548725.42,583428.42,3.21
2016-11-11,11.8,12.19,11.83,11.68,551765.75,-0.02,-0.17,11.588,11.722,12.194,549256.05,549453.37,598685.22,4.8
2016-11-10,11.37,12.0,11.84,11.18,804013.62,0.65,5.81,11.502,11.784,12.211,569276.41,548164.23,607734.25,6.99
2016-11-09,11.66,11.7,11.2,11.01,473204.88,-0.44,-3.78,11.474,11.821,12.253,495137.66,525978.81,612397.07,4.11
2016-11-08,11.53,11.92,11.62,11.53,492867.16,0.17,1.49,11.586,11.896,12.284,482497.17,553083.05,647563.84,4.28
2016-11-07,11.33,11.6,11.45,11.19,424428.84,0.02,0.17,11.664,12.001,12.271,559305.5,566292.96,673433.01,3.69
2016-11-04,11.6,11.85,11.4,11.12,651867.56,-0.31,-2.65,11.856,12.138,12.215,549650.69,587502.12,692750.59,5.67
2016-11-03,11.63,12.05,11.7,11.6,433319.88,-0.06,-0.51,12.066,12.307,12.149,527052.04,577330.65,699848.14,3.77
2016-11-02,12.0,12.05,11.76,11.71,410002.41,-0.24,-2.0,12.168,12.428,12.088,556819.96,577774.78,726707.61,3.56
2016-11-01,12.4,12.5,12.01,11.55,876908.81,-0.4,-3.22,12.206,12.551,12.013,623668.93,607520.35,814933.19,7.62
2016-10-31,12.43,12.67,12.41,12.12,376154.78,-0.03,-0.24,12.338,12.672,11.907,573280.42,618131.41,800328.05,3.27
2016-10-28,12.31,12.68,12.45,12.22,538874.31,0.26,2.13,12.42,12.666,11.779,625353.55,647917.06,813599.87,4.68
2016-10-27,12.02,12.55,12.21,12.02,582159.5,0.25,2.09,12.548,12.638,11.656,627609.26,667304.27,827508.8,5.06
2016-10-26,12.68,12.68,11.95,11.93,744247.25,-0.71,-5.61,12.688,12.685,11.55,598729.59,698815.33,860314.83,6.47
2016-10-25,12.8,12.87,12.67,12.3,624966.25,-0.13,-1.02,12.896,12.672,11.465,591371.76,742044.64,902605.55,5.43
2016-10-24,13.19,13.28,12.82,12.56,636520.44,-0.26,-1.99,13.006,12.541,11.302,662982.41,780573.06,936815.62,5.53
2016-10-21,12.96,13.44,13.09,12.93,550152.88,0.19,1.47,12.912,12.292,11.131,670480.57,797999.07,973139.56,4.78
2016-10-20,12.95,13.3,12.91,12.86,437761.12,-0.07,-0.54,12.728,11.99,10.942,706999.27,822365.63,997559.02,3.81
2016-10-19,13.28,13.39,12.99,12.82,707458.12,-0.28,-2.11,12.682,11.748,10.764,798901.06,875640.44,1052458.37,6.15
2016-10-18,12.41,13.56,13.22,12.17,983019.5,0.88,7.13,12.448,11.475,10.561,892717.51,1022346.03,1080967.82,8.55
2016-10-17,12.45,12.56,12.35,12.03,674011.25,0.18,1.48,12.076,11.142,10.337,898163.7,982524.69,1104047.73,5.86
2016-10-14,12.63,12.63,12.17,12.11,732746.38,-0.48,-3.79,11.672,10.891,10.168,925517.56,979282.67,1167876.64,6.37
2016-10-13,11.97,12.69,12.68,11.91,897270.06,0.87,7.37,11.252,10.673,10.018,937731.99,987713.34,1251370.75,7.8
2016-10-12,11.6,12.25,11.82,11.45,1176540.38,0.46,4.05,10.814,10.415,9.822,952379.83,1021814.33,1302988.45,10.23
2016-10-11,10.4,11.36,11.36,10.32,1010250.44,1.03,9.97,10.502,10.257,9.63,1151974.55,1063166.47,1339119.99,8.78
2016-10-10,10.19,10.38,10.33,9.59,810780.56,0.25,2.48,10.208,10.063,9.45,1066885.69,1093058.19,1382360.28,7.05
2016-09-30,10.51,10.65,10.07,10.03,793818.5,-0.42,-4.0,10.11,9.969,9.309,1033047.77,1148280.04,1417688.64,6.9
2016-09-29,10.25,10.78,10.49,10.13,970509.25,0.21,2.04,10.094,9.894,9.15,1037694.69,1172752.41,1395970.87,8.44
2016-09-28,9.52,10.8,10.26,9.52,2174514.0,0.37,3.74,10.016,9.779,8.97,1091248.84,1229276.29,1372920.7,18.9
2016-07-01,9.88,10.05,9.89,9.67,584806.12,0.05,0.51,10.012,9.646,8.803,974358.39,1139589.61,1294589.38,5.08
2016-06-30,9.98,10.13,9.84,9.73,641591.0,-0.14,-1.4,9.918,9.531,8.649,1119230.69,1225570.77,1301016.5,5.58
2016-06-29,10.08,10.32,9.99,9.83,817053.06,-0.11,-1.09,9.828,9.445,8.49,1263512.31,1356470.61,1293718.28,7.1
2016-06-28,10.13,10.44,10.1,9.9,1238280.0,-0.17,-1.66,9.694,9.362,8.308,1307810.14,1515028.16,1262173.47,10.76
2016-06-27,9.26,10.36,10.24,9.21,1590061.75,0.82,8.71,9.542,9.228,8.118,1367303.74,1584162.57,1210992.86,13.82
2016-06-24,9.33,9.74,9.42,8.82,1309167.62,0.02,0.21,9.28,9.003,7.927,1304820.84,1615073.52,1147078.1,11.38
2016-06-23,9.27,9.83,9.39,9.2,1362999.12,0.1,1.08,9.144,8.836,7.772,1331910.86,1671662.38,1092984.6,11.85
2016-06-22,9.19,9.38,9.32,9.07,1038542.19,-0.01,-0.11,9.062,8.649,7.621,1449428.91,1687097.24,1040277.18,9.03
2016-06-21,8.94,9.37,9.34,8.68,1535748.0,0.41,4.59,9.03,8.406,7.485,1722246.18,1619189.34,1008346.79,13.35
2016-06-20,8.85,9.14,8.93,8.66,1277647.25,0.24,2.76,8.914,8.161,7.348,1801021.4,1516565.11,959691.46,11.11
2016-06-17,8.97,9.09,8.74,8.59,1444617.75,-0.26,-2.89,8.726,7.959,7.216,1925326.2,1449589.15,910225.24,12.56
2016-06-16,8.99,9.34,8.98,8.86,1950589.38,-0.18,-1.97,8.528,7.767,7.087,2011413.9,1376462.22,852505.46,16.96
2016-06-15,8.77,9.49,9.16,8.54,2402628.5,0.4,4.57,8.236,7.534,6.957,1924765.57,1230965.95,773804.22,20.89
2016-06-14,8.07,8.76,8.76,8.07,1929624.12,0.8,10.05,7.782,7.254,6.819,1516132.5,1009318.79,668388.46,16.77
2016-06-13,7.65,8.48,7.99,7.51,1899171.25,0.23,2.96,7.408,7.008,6.689,1232108.83,837823.14,582977.39,16.51
2016-06-08,7.41,8.31,7.75,7.35,1875056.25,0.2,2.65,7.192,6.851,6.6,973852.1,679082.68,500492.79,16.3
2016-06-07,6.89,7.57,7.52,6.86,1517347.75,0.64,9.3,7.006,6.707,6.529,741510.54,514306.82,416672.04,13.19
2016-06-06,6.87,7.01,6.89,6.84,359463.12,-0.01,-0.14,6.832,6.593,6.474,537166.33,393457.11,356274.92,3.12
2016-06-03,6.95,7.04,6.89,6.8,509505.78,-0.03,-0.43,6.726,6.564,6.456,502505.07,397504.24,360569.23,4.43
2016-06-02,6.77,6.98,6.91,6.7,607887.62,0.09,1.32,6.608,6.535,6.453,443537.46,402817.81,372797.24,5.28
2016-06-01,6.66,6.95,6.82,6.58,713348.44,0.16,2.4,6.51,6.472,6.466,384313.26,370861.33,382073.07,6.2
2016-05-31,6.37,6.66,6.65,6.34,495626.69,0.29,4.56,6.408,6.407,6.468,287103.09,328548.7,366361.14,4.31
2016-05-30,6.24,6.38,6.36,6.15,186156.84,0.07,1.11,6.354,6.38,6.48,249747.89,316642.49,362872.05,1.62
2016-05-27,6.37,6.4,6.3,6.26,214667.7,-0.12,-1.87,6.402,6.384,6.493,292503.4,327458.13,365969.11,1.87
2016-05-26,6.31,6.44,6.42,6.11,311766.62,0.13,2.07,6.462,6.37,6.51,362098.16,328131.63,371015.18,2.71
2016-05-25,6.43,6.47,6.31,6.26,227297.59,-0.07,-1.1,6.434,6.349,6.525,357409.39,321902.89,375911.27,1.98
2016-05-24,6.54,6.6,6.38,6.32,308850.69,-0.22,-3.33,6.406,6.351,6.542,369994.32,319037.27,378198.22,2.68
2016-05-23,6.56,6.7,6.6,6.48,399934.38,0.0,0.0,6.406,6.354,6.549,383537.08,319092.74,373883.8,3.48
2016-05-20,6.27,6.88,6.6,6.23,562641.5,0.31,4.93,6.366,6.347,6.549,362412.87,323634.22,369814.13,4.89
2016-05-19,6.16,6.41,6.28,6.14,288322.81,0.1,1.62,6.278,6.37,6.552,294165.1,342776.67,371153.16,2.51
2016-05-18,6.3,6.33,6.17,6.02,290222.22,-0.21,-3.29,6.264,6.46,6.566,286396.38,393284.82,389467.45,2.52
2016-05-17,6.38,6.56,6.38,6.26,376564.5,-0.02,-0.31,6.296,6.528,6.611,268080.21,404173.57,396147.34,3.27
2016-05-16,6.17,6.42,6.4,6.11,294313.34,0.24,3.9,6.302,6.579,6.65,254648.39,409101.61,404476.99,2.56
2016-05-13,6.2,6.32,6.16,6.06,221402.64,-0.06,-0.96,6.328,6.602,6.686,284855.57,404480.08,429247.11,1.92
2016-05-12,6.25,6.25,6.21,6.0,249479.22,-0.12,-1.9,6.462,6.649,6.744,391388.23,413898.73,489172.83,2.17
2016-05-11,6.41,6.49,6.33,6.31,198641.36,-0.08,-1.25,6.656,6.701,6.808,500173.25,429919.65,565637.46,1.73
2016-05-10,6.46,6.55,6.41,6.28,309405.41,-0.12,-1.84,6.76,6.732,6.832,540266.93,437359.18,579908.8,2.69
2016-05-09,6.7,6.75,6.53,6.33,445349.22,-0.3,-4.39,6.856,6.743,6.842,563554.82,428674.86,580234.46,3.87
2016-05-06,7.14,7.17,6.83,6.75,754065.94,-0.35,-4.88,6.876,6.75,6.85,524104.59,415994.04,580233.96,6.56
2016-05-05,6.82,7.27,7.18,6.79,793404.31,0.32,4.67,6.836,6.734,6.845,436409.24,399529.65,567492.89,6.9
2016-05-04,6.85,6.95,6.85,6.79,399109.75,-0.05,-0.72,6.746,6.672,6.81,359666.06,385650.08,544700.44,3.47
2016-05-03,6.68,6.91,6.89,6.58,425844.88,0.26,3.92,6.704,6.694,6.796,334451.43,388121.12,549564.61,3.7
2016-04-29,6.6,6.75,6.63,6.56,248098.05,-0.01,-0.15,6.63,6.72,6.776,293794.9,399852.37,549137.82,2.16
2016-04-28,6.68,6.72,6.63,6.48,315589.19,-0.09,-1.34,6.624,6.77,6.767,307883.5,454014.14,568958.74,2.74
2016-04-27,6.65,6.85,6.73,6.59,409688.41,0.1,1.51,6.632,6.839,6.773,362650.06,564446.93,576551.57,3.56
2016-04-26,6.48,6.65,6.64,6.48,273036.62,0.13,2.0,6.598,6.915,6.766,411634.11,701355.28,575494.27,2.37
2016-04-25,6.64,6.64,6.52,6.44,222562.23,-0.08,-1.21,6.684,6.932,6.77,441790.81,722458.43,593021.67,1.93
2016-04-22,6.48,6.63,6.6,6.44,318541.06,-0.05,-0.75,6.81,6.94,6.77,505909.85,731794.06,616196.99,2.77
2016-04-21,6.58,6.85,6.67,6.53,589422.0,0.11,1.68,6.916,6.95,6.753,600144.77,744473.88,615279.37,5.12
2016-04-20,7.08,7.12,6.56,6.42,654608.62,-0.51,-7.21,7.046,6.955,6.724,766243.8,735456.13,595716.7,5.69
2016-04-19,7.19,7.2,7.07,6.99,423820.12,-0.08,-1.12,7.232,6.947,6.705,991076.45,703750.8,573428.61,3.68
2016-04-18,7.08,7.23,7.15,6.92,543157.44,0.02,0.28,7.18,6.897,6.665,1003126.05,711008.1,568482.54,4.72
2016-04-15,7.2,7.24,7.13,7.05,789715.69,-0.19,-2.6,7.07,6.831,6.612,957678.26,698423.27,549093.11,6.87
2016-04-14,7.2,7.36,7.32,7.1,1419917.12,-0.17,-2.27,6.984,6.764,6.561,888802.98,683903.35,520524.85,12.34
2016-04-06,6.76,7.49,7.49,6.75,1778771.88,0.68,9.98,6.864,6.707,6.506,704668.47,588656.22,467561.32,15.46
2016-04-05,6.6,6.85,6.81,6.55,484068.12,0.22,3.34,6.662,6.617,6.461,416425.14,449633.27,410729.51,4.21
2016-04-01,6.66,6.68,6.6,6.45,315918.5,-0.09,-1.34,6.614,6.607,6.429,418890.15,463584.92,398642.7,2.75
2016-03-31,6.74,6.78,6.7,6.64,445339.28,-0.03,-0.45,6.592,6.599,6.401,439168.27,500599.92,402532.27,3.87
2016-03-30,6.52,6.8,6.72,6.45,499244.56,0.24,3.7,6.544,6.555,6.379,479003.72,486084.87,397478.84,4.34
2016-03-29,6.53,6.55,6.48,6.35,337555.25,-0.09,-1.37,6.55,6.492,6.358,472643.97,455977.26,391023.49,2.93
2016-03-28,6.47,6.74,6.57,6.46,496393.16,0.09,1.39,6.572,6.462,6.335,482841.4,443106.43,387895.02,4.32
2016-03-25,6.46,6.58,6.49,6.35,417309.12,0.03,0.46,6.6,6.433,6.307,508279.68,425956.99,385918.72,3.63
2016-03-24,6.73,6.73,6.46,6.45,644516.5,-0.29,-4.3,6.606,6.392,6.29,562031.57,399762.96,379473.24,5.6
2016-03-23,6.57,6.82,6.75,6.57,467445.81,0.16,2.43,6.566,6.358,6.284,493166.02,357146.34,370592.7,4.06
2016-03-22,6.65,6.67,6.59,6.54,388542.41,-0.12,-1.79,6.434,6.305,6.299,439310.55,346466.43,364279.63,3.38
2016-03-21,6.65,6.75,6.71,6.54,623584.56,0.19,2.91,6.352,6.305,6.318,403371.45,371825.75,368843.88,5.42
2016-03-18,6.3,6.65,6.52,6.23,686068.56,0.25,3.99,6.266,6.25,6.344,343634.29,333700.48,369283.68,5.96
2016-03-17,6.12,6.29,6.26,6.07,300188.75,0.17,2.79,6.178,6.203,6.375,237494.35,304464.61,366656.9,2.61
2016-03-16,6.2,6.33,6.09,6.02,198168.48,-0.09,-1.46,6.15,6.202,6.41,221126.67,308872.82,375195.09,1.72
2016-03-15,6.26,6.29,6.18,6.17,208846.91,-0.1,-1.59,6.176,6.224,6.457,253622.31,326069.73,406953.83,1.82
2016-03-14,6.15,6.34,6.28,6.11,324898.75,0.2,3.29,6.258,6.208,6.49,340280.05,332683.62,411347.16,2.82
2016-03-11,6.06,6.13,6.08,6.0,155368.86,-0.04,-0.65,6.234,6.18,6.488,323766.68,345880.46,410593.68,1.35
2016-03-10,6.18,6.34,6.12,6.1,218350.34,-0.1,-1.61,6.228,6.188,6.491,371434.87,359183.51,416924.4,1.9
2016-03-09,6.39,6.46,6.22,6.17,360646.69,-0.38,-5.76,6.254,6.21,6.494,396618.97,384039.05,426193.2,3.14
2016-03-08,6.25,6.68,6.59,6.06,642135.62,0.44,7.15,6.272,6.293,6.488,398517.14,382092.84,422310.22,5.58
2016-03-07,6.05,6.23,6.16,6.04,242331.88,0.12,1.99,6.158,6.33,6.467,325087.19,365862.01,407809.92,2.11
2016-03-04,6.19,6.25,6.05,5.8,393709.81,-0.2,-3.2,6.126,6.437,6.461,367994.25,404866.88,413085.69,3.42
2016-03-03,6.25,6.44,6.25,6.21,344270.84,-0.05,-0.79,6.148,6.547,6.464,346932.15,428849.2,418083.14,2.99
2016-03-02,6.01,6.37,6.31,5.95,370137.56,0.3,4.99,6.166,6.618,6.445,371459.13,441517.36,423928.15,3.22
2016-03-01,5.9,6.1,6.02,5.7,274985.84,0.01,0.17,6.314,6.689,6.437,365668.54,487837.93,430765.34,2.39
2016-02-29,6.15,6.2,6.0,5.54,456867.19,-0.16,-2.6,6.502,6.772,6.457,406636.83,490010.69,437885.3,3.97
2016-02-26,6.37,6.44,6.16,6.01,288399.34,-0.18,-2.84,6.748,6.795,6.509,441739.52,475306.91,430156.37,2.51
2016-02-25,7.0,7.03,6.34,6.34,466905.72,-0.7,-9.94,6.946,6.793,6.547,510766.25,474665.3,435068.15,4.06
2016-02-24,6.87,7.05,7.05,6.82,341184.59,0.09,1.29,7.07,6.777,6.577,511575.6,468347.35,430468.47,2.97
2016-02-23,7.18,7.24,6.96,6.8,479827.31,-0.28,-3.87,7.064,6.682,6.597,610007.33,462527.6,435724.68,4.17
2016-02-22,7.3,7.36,7.23,7.06,632380.62,0.07,0.98,7.042,6.603,6.625,573384.56,449757.84,436687.13,5.5
2016-02-19,6.9,7.47,7.15,6.9,633533.0,0.2,2.88,6.842,6.485,6.624,508874.29,421304.5,419771.51,5.51
2016-02-18,7.01,7.05,6.96,6.85,470952.47,-0.06,-0.85,6.64,6.38,6.626,438564.34,407317.07,407139.85,4.09
2016-02-17,7.0,7.18,7.02,6.81,833343.25,0.17,2.48,6.484,6.271,6.653,425119.11,406338.93,405434.94,7.24
2016-02-16,6.39,6.85,6.85,6.32,296713.44,0.62,9.95,6.3,6.184,6.665,315047.86,373692.74,382615.89,2.58
2016-02-15,5.9,6.24,6.23,5.8,309829.31,0.09,1.47,6.164,6.142,6.684,326131.12,385759.92,388423.8,2.69
2016-02-05,6.21,6.27,6.14,6.13,281983.25,-0.04,-0.65,6.128,6.222,6.74,333734.71,385005.84,397744.28,2.45
2016-02-04,6.12,6.23,6.18,6.1,403726.28,0.08,1.31,6.12,6.3,6.841,376069.8,395471.01,407815.53,3.51
2016-02-03,6.11,6.15,6.1,5.95,282987.03,-0.09,-1.45,6.058,6.377,6.924,387558.76,392589.58,395049.01,2.46
2016-02-02,6.0,6.29,6.17,5.95,352129.75,0.12,1.98,6.068,6.511,7.05,432337.62,408921.77,400159.76,3.06
2016-02-01,6.05,6.08,6.05,5.77,347847.25,-0.06,-0.98,6.12,6.646,7.167,445388.71,423616.42,415663.01,3.02
2016-01-29,5.62,6.21,6.1,5.62,493658.69,0.21,3.56,6.316,6.763,7.3,436276.97,418238.52,417450.53,4.29
2016-01-28,6.03,6.19,5.87,5.87,461171.09,-0.31,-5.02,6.48,6.871,7.477,414872.22,406962.64,410831.86,4.01
2016-01-27,6.4,6.45,6.15,5.81,506881.34,-0.3,-4.65,6.696,7.034,7.667,397620.41,404530.94,406974.16,4.41
2016-01-26,6.99,6.99,6.43,6.32,417385.16,-0.59,-8.4,6.954,7.145,7.849,385505.92,391539.03,402975.94,3.63
2016-01-25,7.03,7.12,7.03,6.9,302288.59,0.1,1.44,7.172,7.226,8.013,401844.13,391087.68,417859.22,2.63
2016-01-22,7.01,7.1,6.92,6.51,386634.91,0.0,0.0,7.21,7.257,8.147,400200.07,410482.71,434257.64,3.36
2016-01-21,7.32,7.46,6.95,6.88,374912.03,-0.5,-6.71,7.262,7.381,8.275,399053.06,420160.05,461820.01,3.26
2016-01-20,7.5,7.7,7.44,7.33,446308.91,-0.09,-1.2,7.372,7.47,8.414,411441.47,397508.44,506818.17,3.88
2016-01-19,7.17,7.57,7.52,7.16,499076.22,0.3,4.16,7.336,7.589,8.555,397572.14,391397.74,521466.92,4.34
2016-01-18,7.01,7.37,7.22,7.01,294068.28,0.04,0.56,7.28,7.688,8.695,380331.23,407709.6,545651.56,2.56
2016-01-15,7.45,7.5,7.18,7.0,380899.84,-0.32,-4.27,7.304,7.836,8.846,420765.36,416662.53,617335.61,3.31
2016-01-14,6.9,7.53,7.5,6.81,436854.09,0.24,3.31,7.5,8.082,9.03,441267.04,414701.07,760789.51,3.8
2016-01-13,7.34,7.4,7.26,6.89,376962.25,0.02,0.28,7.568,8.3,9.211,383575.4,409417.38,739808.16,3.28
2016-01-12,7.34,7.52,7.24,7.0,412871.69,-0.11,-1.5,7.842,8.553,9.466,385223.35,414412.86,721541.15,3.59
2016-01-11,8.1,8.1,7.34,7.34,496238.91,-0.82,-10.05,8.096,8.799,9.794,435087.96,444630.76,773829.18,4.31
2016-01-08,8.23,8.41,8.16,7.62,483408.28,0.2,2.51,8.368,9.037,10.071,412559.71,458032.58,795036.72,4.2
2016-01-07,8.68,8.74,7.84,7.83,148395.89,-0.78,-9.05,8.664,9.168,10.269,388135.1,503479.97,812257.88,1.29
2016-01-06,8.54,8.66,8.63,8.41,385201.97,0.14,1.65,9.032,9.358,10.519,435259.35,616127.9,840651.17,3.35
2016-01-05,8.19,8.88,8.51,8.01,662194.75,-0.18,-2.07,9.264,9.521,10.801,443602.37,651536.11,891113.97,5.76
2016-01-04,9.64,9.64,8.7,8.69,383597.66,-0.95,-9.85,9.502,9.701,11.085,454173.56,683593.52,938191.79,3.33
2015-12-31,9.71,9.72,9.64,9.5,361285.25,-0.04,-0.41,9.706,9.856,11.343,503505.44,818008.68,971876.54,3.14
2015-12-30,9.78,9.85,9.68,9.64,384017.12,-0.1,-1.02,9.672,9.977,11.49,618824.83,1106877.95,1009702.25,3.34
2015-12-29,9.66,9.83,9.79,9.5,426917.09,0.09,0.93,9.684,10.121,11.602,796996.46,1070198.94,1035098.9,3.71
2015-12-28,9.77,9.99,9.7,9.61,715050.69,-0.01,-0.1,9.778,10.378,11.727,859469.84,1028669.43,1073165.47,6.22
2015-12-25,9.5,9.77,9.72,9.49,630257.06,0.25,2.64,9.9,10.788,11.851,913013.48,1103027.6,1085182.39,5.48
2015-12-24,9.68,9.75,9.47,9.28,937882.19,-0.26,-2.67,10.006,11.104,11.971,1132511.91,1132040.87,1107980.3,8.15
2015-12-23,10.27,10.3,9.74,9.7,1274875.25,-0.52,-5.07,10.282,11.369,12.091,1594931.08,1121035.8,1115899.15,11.08
2015-12-22,10.37,10.44,10.26,10.15,739284.0,-0.05,-0.48,10.558,11.679,12.161,1343401.43,1065174.43,1091936.94,6.43
2015-12-21,10.24,10.43,10.31,10.01,982768.88,0.05,0.49,10.978,12.08,12.161,1197869.03,1130691.83,1092804.18,8.54
2015-12-18,10.2,10.5,10.25,10.1,1727749.25,-0.62,-5.7,11.676,12.469,12.169,1293041.73,1192790.07,1099104.73,15.02
2015-12-17,10.01,11.11,10.85,10.01,3249978.0,-0.27,-2.43,12.202,12.829,12.22,1131569.83,1125744.41,1057076.22,28.25
2015-12-16,11.12,11.12,11.12,11.12,17227.0,-1.24,-10.03,12.456,13.003,12.249,647140.51,912526.54,950888.63,0.15
2015-12-15,12.36,12.36,12.36,12.36,11622.0,-1.37,-9.98,12.8,13.083,12.254,786947.44,999998.86,1012150.3,0.1
2015-06-25,12.89,14.18,13.8,12.71,1458632.38,0.91,7.06,13.182,13.075,12.172,1063514.64,1117661.51,1056639.52,12.68
2015-06-24,12.42,12.9,12.88,12.03,920389.75,0.76,6.27,13.262,12.914,12.022,1092538.41,1067337.18,1025487.02,8.0
2015-06-23,12.15,12.88,12.12,11.56,827831.44,-0.72,-5.61,13.456,12.837,11.907,1119918.99,1083919.74,1031922.55,7.2
2015-06-19,13.8,14.5,12.84,12.84,716261.62,-1.43,-10.02,13.55,12.813,11.822,1177912.57,1110762.51,1034946.34,6.23
2015-06-18,13.5,15.44,14.27,13.28,1394458.0,0.07,0.49,13.366,12.642,11.692,1213050.29,1118699.45,1041552.97,12.12
2015-06-11,14.5,14.8,14.2,13.95,1603751.25,0.35,2.53,12.968,12.242,11.485,1171808.39,1054916.52,1023693.49,13.94
2015-06-10,12.35,13.85,13.85,12.21,1057292.62,1.26,10.01,12.566,11.868,11.284,1042135.94,1005419.39,1005132.88,9.19
2015-06-09,11.93,12.62,12.59,11.6,1117799.38,0.67,5.62,12.218,11.611,11.11,1047920.49,988408.04,1067244.21,9.72
2015-06-08,12.23,12.23,11.92,11.71,891950.19,-0.36,-2.93,12.076,11.494,10.952,1043612.44,989250.73,1081875.8,7.75
2015-06-05,12.36,12.64,12.28,11.99,1188248.5,0.09,0.74,11.918,11.425,10.814,1024348.61,1024301.73,1076792.65,10.33
2015-06-04,12.08,12.34,12.19,10.91,955389.0,0.08,0.66,11.516,11.269,10.634,938024.66,995617.54,1051513.71,8.31
2015-06-03,12.16,12.4,12.11,11.61,1086215.38,0.23,1.94,11.17,11.13,10.448,968702.84,983636.86,1048374.05,9.44
2015-06-02,11.19,12.1,11.88,11.13,1096259.12,0.75,6.74,11.004,10.976,10.311,928895.59,979925.36,1085274.47,9.53
2015-06-01,10.28,11.22,11.13,10.28,795631.06,0.86,8.37,10.912,10.831,10.178,934889.01,959130.18,1078861.79,6.92
2015-05-29,10.43,10.71,10.27,9.83,756628.75,-0.19,-1.82,10.932,10.742,10.066,1024254.85,964406.49,1070336.84,6.58
2015-05-28,11.28,11.8,10.46,10.28,1108779.88,-0.82,-7.27,11.022,10.728,9.996,1053210.41,992470.46,1072754.95,9.64
2015-05-27,11.45,11.5,11.28,11.09,887179.12,-0.14,-1.23,11.09,10.7,9.937,998570.87,1004846.37,1054622.88,7.71
2015-05-26,11.2,11.6,11.42,10.97,1126226.25,0.19,1.69,10.948,10.609,9.828,1030955.13,1146080.38,1087499.71,9.79
2015-05-25,10.6,11.5,11.23,10.48,1242460.25,0.51,4.76,10.75,10.41,9.715,983371.35,1174500.87,1067716.55,10.8
2015-05-22,10.83,10.94,10.72,10.47,901406.56,-0.08,-0.74,10.552,10.202,9.614,904558.13,1129283.56,1048185.13,7.84
2015-05-21,10.59,10.96,10.8,10.54,835582.19,0.23,2.18,10.434,9.998,9.54,931730.5,1107409.88,1052821.26,7.26
2015-05-20,10.47,10.99,10.57,10.3,1049100.38,0.14,1.34,10.31,9.766,9.443,1011121.86,1113111.25,1048510.05,9.12
2015-05-19,10.28,10.55,10.43,10.02,888307.38,0.19,1.85,10.27,9.645,9.343,1261205.64,1190623.59,1022762.44,7.72
2015-05-18,10.13,10.48,10.24,10.03,848394.12,0.11,1.09,10.07,9.524,9.233,1365630.39,1198593.39,1017751.36,7.38
2015-05-15,10.1,10.58,10.13,10.01,1037268.44,-0.05,-0.49,9.852,9.39,9.158,1354009.0,1176267.19,1014219.24,9.02
2015-05-14,10.1,10.34,10.18,10.0,1232539.0,-0.19,-1.83,9.562,9.264,9.091,1283089.25,1153039.44,995849.46,10.71
2015-05-13,9.27,10.37,10.37,9.22,2299519.25,0.94,9.97,9.222,9.173,9.009,1215100.64,1104399.4,964726.64,19.99
2015-05-12,9.15,9.81,9.43,9.09,1410431.12,0.28,3.06,9.02,9.046,8.937,1120041.54,1028919.05,884953.77,12.26
2015-05-11,8.73,9.24,9.15,8.53,790287.19,0.47,5.42,8.978,9.02,8.92,1031556.39,960932.22,861468.79,6.87
2015-05-08,8.53,8.7,8.68,8.3,682669.69,0.2,2.36,8.928,9.025,8.903,998525.39,967086.7,874614.51,5.93
2015-05-07,9.37,9.38,8.48,8.42,892595.94,-0.88,-9.4,8.966,9.081,8.902,1022989.64,998232.65,921364.13,7.76
2015-05-06,9.28,9.79,9.36,9.0,1824223.75,0.14,1.52,9.124,9.12,8.892,993698.15,983908.84,910648.25,15.86
2015-05-05,8.87,9.28,9.22,8.68,968005.38,0.32,3.6,9.072,9.041,8.852,937796.55,854901.3,848842.85,8.42
2015-05-04,8.8,9.12,8.9,8.63,625132.19,0.03,0.34,9.062,8.941,8.811,890308.05,836909.33,831636.33,5.43
2015-04-30,9.18,9.18,8.87,8.85,804990.94,-0.4,-4.32,9.122,8.925,8.778,935648.01,852171.29,829604.96,7.0
2015-04-29,9.15,9.4,9.27,8.84,746138.5,0.17,1.87,9.196,8.918,8.745,973475.66,838659.47,815285.73,6.49
2015-04-28,9.8,9.94,9.1,8.89,1544715.75,-0.07,-0.76,9.116,8.845,8.686,974119.53,825053.89,805734.35,13.43
2015-04-27,9.25,9.36,9.17,9.0,730562.88,-0.03,-0.33,9.01,8.827,8.636,772006.04,740988.49,753259.48,6.35
2015-04-24,9.23,9.5,9.2,9.0,851832.0,-0.04,-0.43,8.82,8.819,8.578,783510.61,762005.36,732208.86,7.41
2015-04-23,8.82,9.29,9.24,8.75,994129.19,0.37,4.17,8.728,8.781,8.518,768694.56,782142.32,712774.68,8.64
2015-04-22,8.55,9.07,8.87,8.55,749357.81,0.3,3.5,8.64,8.723,8.462,703843.27,844495.61,694072.12,6.51
2015-04-21,8.23,8.58,8.57,8.22,534148.31,0.35,4.26,8.574,8.664,8.424,675988.25,837387.67,704968.05,4.64
2015-04-20,8.6,8.63,8.22,8.2,788085.75,-0.52,-5.95,8.644,8.663,8.407,709970.95,842784.41,735909.69,6.85
2015-04-17,8.75,9.14,8.74,8.69,777751.75,-0.06,-0.68,8.818,8.681,8.387,740500.1,826363.32,732888.98,6.76
2015-04-16,8.54,8.97,8.8,8.31,669872.75,0.26,3.04,8.834,8.63,8.333,795590.07,807038.63,721167.06,5.82
2015-04-15,8.93,8.95,8.54,8.47,610082.69,-0.38,-4.26,8.806,8.572,8.275,985147.95,791911.98,711086.59,5.3
2015-04-14,9.12,9.17,8.92,8.86,704061.81,-0.17,-1.87,8.754,8.527,8.227,998787.09,786414.81,714470.6,6.12
2015-04-13,9.6,9.6,9.09,8.99,940731.5,0.27,3.06,8.682,8.445,8.155,975597.87,765530.46,704691.02,8.18
2015-04-10,8.48,8.97,8.82,8.36,1053201.62,0.16,1.85,8.544,8.337,8.064,912226.54,702412.37,685572.63,9.16
2015-04-09,8.52,9.11,8.66,8.4,1617662.12,0.38,4.59,8.426,8.255,7.991,818487.19,643407.03,691471.86,14.06
2015-04-08,8.73,8.74,8.28,8.24,678278.38,-0.28,-3.27,8.338,8.201,7.901,598676.01,543648.63,623965.87,5.9
2015-04-07,8.45,8.58,8.56,8.33,588115.75,0.16,1.91,8.3,8.184,7.836,574042.54,572548.44,603697.67,5.11
2015-04-03,8.18,8.48,8.4,8.13,623874.81,0.17,2.07,8.208,8.151,7.756,555463.04,629034.96,592567.85,5.42
2015-04-02,8.24,8.38,8.23,8.12,584504.88,0.01,0.12,8.13,8.092,7.673,492598.21,639414.63,580624.25,5.08
2015-04-01,8.09,8.25,8.22,8.06,518606.25,0.13,1.61,8.084,8.036,7.612,468326.88,635295.48,589882.76,4.51
2015-03-31,8.08,8.25,8.09,7.96,555111.0,-0.01,-0.12,8.064,7.977,7.539,488621.24,630261.21,581196.02,4.83
2015-03-30,8.06,8.19,8.1,7.94,495218.25,0.09,1.12,8.068,7.927,7.468,571054.34,642526.39,577381.87,4.31
2015-03-27,7.95,8.09,8.01,7.91,309550.66,0.01,0.12,8.094,7.864,7.399,702606.89,643851.57,570402.63,2.69
2015-03-26,8.01,8.28,8.0,7.96,463148.22,-0.12,-1.48,8.054,7.791,7.334,786231.06,668732.88,584453.16,4.03
2015-03-25,8.0,8.19,8.12,7.89,620078.06,0.01,0.12,7.988,7.726,7.255,802264.09,739536.69,568860.95,5.39
2015-03-24,8.2,8.24,8.11,7.86,967276.5,-0.12,-1.46,7.89,7.6,7.168,771901.18,704283.12,543666.94,8.41
2015-03-23,8.23,8.59,8.23,8.03,1152981.0,0.42,5.38,7.786,7.488,7.08,713998.44,634846.9,503330.79,10.02
2015-03-20,7.65,7.86,7.81,7.61,727671.5,0.14,1.82,7.634,7.36,6.988,585096.26,556100.73,456262.66,6.33
2015-03-19,7.64,7.68,7.67,7.41,543313.38,0.04,0.52,7.528,7.253,6.91,551234.71,521833.88,427431.23,4.72
2015-03-18,7.6,7.73,7.63,7.53,468263.5,0.04,0.53,7.464,7.187,6.838,676809.29,544470.04,406334.06,4.07
2015-03-17,7.5,7.71,7.59,7.39,677762.81,0.12,1.61,7.31,7.1,6.763,636665.06,532130.82,387587.87,5.89
2015-03-16,7.28,7.54,7.47,7.26,508470.12,0.19,2.61,7.19,7.008,6.692,555695.36,512237.35,357517.83,4.42
2015-03-13,7.25,7.41,7.28,7.23,558363.75,-0.07,-0.95,7.086,6.933,6.622,527105.19,496953.68,336420.4,4.85
2015-03-12,6.85,7.55,7.35,6.84,1171186.25,0.49,7.14,6.978,6.877,6.563,492433.04,500173.44,314404.82,10.18
2015-03-11,6.99,7.02,6.86,6.82,267542.38,-0.13,-1.86,6.91,6.784,6.507,412130.79,398185.22,266238.56,2.33
2015-03-10,6.88,7.08,6.99,6.88,272914.31,0.04,0.58,6.89,6.735,6.482,427596.59,383050.76,268531.07,2.37
2015-03-09,7.19,7.19,6.95,6.88,365519.28,0.21,3.12,6.826,6.672,6.447,468779.33,371814.68,264481.16,3.18
2015-03-06,6.95,6.97,6.74,6.72,385002.97,-0.27,-3.85,6.78,6.616,6.405,466802.16,356424.6,262585.79,3.35
2015-03-05,6.75,7.15,7.01,6.73,769675.0,0.25,3.7,6.776,6.567,6.391,507913.85,333028.58,253623.12,6.69
2015-03-04,6.65,6.8,6.76,6.65,344871.38,0.09,1.35,6.658,6.489,6.373,384239.65,268198.08,225008.3,3.0
2015-03-03,6.76,6.86,6.67,6.66,478828.03,-0.05,-0.74,6.58,6.426,6.369,338504.93,243044.92,218508.07,4.16
2015-03-02,6.72,6.8,6.72,6.63,355633.41,0.0,0.0,6.518,6.375,6.37,274850.03,202798.32,214109.8,3.09
2015-02-27,6.4,6.73,6.72,6.39,590561.44,0.3,4.67,6.452,6.31,6.373,246047.03,175887.12,234875.15,5.13
2015-02-26,6.38,6.44,6.42,6.33,151303.97,0.05,0.79,6.358,6.249,6.361,158143.31,128636.19,223025.24,1.32
2015-02-25,6.37,6.4,6.37,6.3,116197.81,0.01,0.16,6.32,6.229,6.36,152156.52,134291.91,243325.56,1.01
2015-02-17,6.4,6.43,6.36,6.35,160553.53,-0.03,-0.47,6.272,6.229,6.349,147584.91,154011.39,246846.97,1.4
2015-02-16,6.26,6.4,6.39,6.24,211618.42,0.14,2.24,6.232,6.222,6.329,130746.61,157147.64,245088.07,1.84
2015-02-13,6.24,6.35,6.25,6.22,151042.81,0.02,0.32,6.168,6.194,6.303,105727.2,168746.98,245359.79,1.31
2015-02-12,6.21,6.3,6.23,6.17,121370.03,0.1,1.63,6.14,6.215,6.298,99129.07,174217.65,244168.59,1.06
2015-02-11,6.2,6.25,6.13,6.12,93339.76,-0.03,-0.49,6.138,6.257,6.293,116427.3,181818.51,245953.86,0.81
2015-02-10,6.07,6.18,6.16,6.07,76362.01,0.09,1.48,6.186,6.312,6.287,160437.86,193971.21,247924.21,0.66
2015-02-09,6.11,6.18,6.07,6.05,86521.38,-0.04,-0.66,6.212,6.364,6.285,183548.67,225421.28,248241.52,0.75
2015-02-06,6.2,6.27,6.11,6.09,118052.15,-0.11,-1.77,6.22,6.436,6.287,231766.75,293863.19,251039.99,1.03
2015-02-05,6.45,6.46,6.22,6.17,207861.22,-0.15,-2.35,6.29,6.472,6.296,249306.24,317414.3,258039.35,1.81
2015-02-04,6.28,6.59,6.37,6.24,313392.56,0.08,1.27,6.376,6.491,6.3,247209.71,352359.2,260827.03,2.72
2015-02-03,6.06,6.31,6.29,6.05,191916.02,0.18,2.95,6.438,6.468,6.296,227504.56,339682.56,257734.94,1.67
2015-02-02,5.83,6.18,6.11,5.81,327611.81,-0.35,-5.42,6.516,6.436,6.296,267293.9,333028.51,261848.62,2.85
2015-01-30,6.56,6.67,6.46,6.4,205749.59,-0.19,-2.86,6.652,6.411,6.309,355959.62,321972.61,257464.41,1.79
2015-01-29,6.61,6.7,6.65,6.54,197378.59,-0.03,-0.45,6.654,6.381,6.298,385522.37,314119.53,261158.32,1.72
2015-01-28,6.63,6.68,6.68,6.58,214866.77,0.0,0.0,6.606,6.329,6.271,457508.69,310089.21,266064.45,1.87
2015-01-27,6.76,6.76,6.68,6.54,390862.72,-0.11,-1.62,6.498,6.261,6.237,451860.56,301877.21,270330.93,3.4
2015-01-26,6.53,6.86,6.79,6.41,770940.44,0.32,4.95,6.356,6.206,6.196,398763.12,271061.75,259373.49,6.7
2015-01-23,6.39,6.6,6.47,6.31,353563.31,0.06,0.94,6.17,6.137,6.137,287985.6,208216.8,208216.8,3.07
2015-01-22,6.19,6.5,6.41,6.16,557310.19,0.27,4.4,6.108,6.1,6.1,242716.69,192067.19,192067.19,4.84
2015-01-21,5.96,6.17,6.14,5.95,186626.16,0.17,2.85,6.052,6.061,6.061,162669.74,146411.81,146411.81,1.62
2015-01-20,5.86,6.0,5.97,5.86,125375.51,0.11,1.88,6.024,6.05,6.05,151893.86,140666.9,140666.9,1.09
2015-01-19,6.1,6.1,5.86,5.72,217052.84,-0.3,-4.87,6.056,6.063,6.063,143360.38,143215.47,143215.47,1.89
2015-01-16,6.14,6.17,6.16,6.07,127218.77,0.03,0.49,6.104,6.104,6.104,128447.99,128447.99,128447.99,1.11
2015-01-15,6.01,6.18,6.13,6.0,157075.44,0.13,2.17,6.09,6.09,6.09,128755.3,128755.3,128755.3,1.37
2015-01-14,6.13,6.14,6.0,5.99,132746.72,-0.13,-2.12,6.077,6.077,6.077,119315.25,119315.25,119315.25,1.15
2015-01-13,6.11,6.16,6.13,6.07,82708.13,0.03,0.49,6.115,6.115,6.115,112599.52,112599.52,112599.52,0.72
2015-01-12,6.23,6.23,6.1,6.07,142490.91,-0.14,-2.24,6.1,6.1,6.1,142490.91,142490.91,142490.91,1.24
